[
  { "inputs": [], "stateMutability": "nonpayable", "type": "constructor" },
  {
    "anonymous": false,
    "inputs": [
      {
        "indexed": true,
        "internalType": "address",
        "name": "_address",
        "type": "address"
      }
    ],
    "name": "FarmCreated",
    "type": "event"
  },
  {
    "anonymous": false,
    "inputs": [
      {
        "indexed": true,
        "internalType": "address",
        "name": "_address",
        "type": "address"
      }
    ],
    "name": "FarmSynced",
    "type": "event"
  },
  {
    "anonymous": false,
    "inputs": [
      {
        "indexed": true,
        "internalType": "address",
        "name": "_address",
        "type": "address"
      },
      {
        "indexed": false,
        "internalType": "address",
        "name": "_item",
        "type": "address"
      }
    ],
    "name": "ItemCrafted",
    "type": "event"
  },
  {
    "inputs": [],
    "name": "createMiningFarm",
    "outputs": [],
    "stateMutability": "payable",
    "type": "function"
  },
  {
    "inputs": [
      { "internalType": "address", "name": "account", "type": "address" }
    ],
    "name": "getFarm",
    "outputs": [
      {
        "components": [
          {
            "internalType": "enum PixelMine.ORE",
            "name": "fruit",
            "type": "uint8"
          },
          {
            "internalType": "uint256",
            "name": "createdAt",
            "type": "uint256"
          }
        ],
        "internalType": "struct PixelMine.MiningFarm[]",
        "name": "farm",
        "type": "tuple[]"
      }
    ],
    "stateMutability": "view",
    "type": "function"
  },
  {
    "inputs": [],
    "name": "getFarmCount",
    "outputs": [
      { "internalType": "uint256", "name": "count", "type": "uint256" }
    ],
    "stateMutability": "view",
    "type": "function"
  },
  {
    "inputs": [
      { "internalType": "address", "name": "owner", "type": "address" }
    ],
    "name": "getLand",
    "outputs": [
      {
        "components": [
          {
            "internalType": "enum PixelMine.ORE",
            "name": "fruit",
            "type": "uint8"
          },
          {
            "internalType": "uint256",
            "name": "createdAt",
            "type": "uint256"
          }
        ],
        "internalType": "struct PixelMine.MiningFarm[]",
        "name": "",
        "type": "tuple[]"
      }
    ],
    "stateMutability": "view",
    "type": "function"
  },
  {
    "inputs": [
      { "internalType": "uint256", "name": "price", "type": "uint256" }
    ],
    "name": "getMarketPrice",
    "outputs": [
      {
        "internalType": "uint256",
        "name": "conversion",
        "type": "uint256"
      }
    ],
    "stateMutability": "nonpayable",
    "type": "function"
  },
  {
    "inputs": [
      { "internalType": "address", "name": "_address", "type": "address" }
    ],
    "name": "isExistInWhitelist",
    "outputs": [
      { "internalType": "bool", "name": "", "type": "bool" },
      { "internalType": "uint256", "name": "", "type": "uint256" }
    ],
    "stateMutability": "view",
    "type": "function"
  },
  {
    "inputs": [
      { "internalType": "address", "name": "_address", "type": "address" }
    ],
    "name": "isHelmetholder",
    "outputs": [
      { "internalType": "bool", "name": "", "type": "bool" },
      { "internalType": "uint256", "name": "", "type": "uint256" }
    ],
    "stateMutability": "view",
    "type": "function"
  },
  {
    "inputs": [
      { "internalType": "address", "name": "_address", "type": "address" }
    ],
    "name": "isShovelHolder",
    "outputs": [
      { "internalType": "bool", "name": "", "type": "bool" },
      { "internalType": "uint256", "name": "", "type": "uint256" }
    ],
    "stateMutability": "view",
    "type": "function"
  },
  {
    "inputs": [],
    "name": "levelUp",
    "outputs": [],
    "stateMutability": "nonpayable",
    "type": "function"
  },
  {
    "inputs": [
      {
        "internalType": "address",
        "name": "tokenAddress",
        "type": "address"
      }
    ],
    "name": "mintNFT",
    "outputs": [],
    "stateMutability": "payable",
    "type": "function"
  },
  {
    "inputs": [],
    "name": "myAVAXReward",
    "outputs": [
      { "internalType": "uint256", "name": "", "type": "uint256" }
    ],
    "stateMutability": "view",
    "type": "function"
  },
  {
    "inputs": [],
    "name": "myReward",
    "outputs": [
      { "internalType": "uint256", "name": "amount", "type": "uint256" }
    ],
    "stateMutability": "nonpayable",
    "type": "function"
  },
  {
    "inputs": [],
    "name": "passPresaleHELMETMinterRole",
    "outputs": [],
    "stateMutability": "nonpayable",
    "type": "function"
  },
  {
    "inputs": [],
    "name": "passPresaleShovelMinterRole",
    "outputs": [],
    "stateMutability": "nonpayable",
    "type": "function"
  },
  {
    "inputs": [],
    "name": "premint",
    "outputs": [{ "internalType": "bool", "name": "", "type": "bool" }],
    "stateMutability": "nonpayable",
    "type": "function"
  },
  {
    "inputs": [],
    "name": "presaleMintHELMET",
    "outputs": [],
    "stateMutability": "payable",
    "type": "function"
  },
  {
    "inputs": [],
    "name": "presaleMintShovel",
    "outputs": [],
    "stateMutability": "payable",
    "type": "function"
  },
  {
    "inputs": [],
    "name": "receiveAVAXReward",
    "outputs": [{ "internalType": "bool", "name": "", "type": "bool" }],
    "stateMutability": "nonpayable",
    "type": "function"
  },
  {
    "inputs": [],
    "name": "receiveReward",
    "outputs": [],
    "stateMutability": "nonpayable",
    "type": "function"
  },
  {
    "inputs": [
      {
        "components": [
          {
            "internalType": "enum PixelMine.Action",
            "name": "action",
            "type": "uint8"
          },
          {
            "internalType": "enum PixelMine.ORE",
            "name": "fruit",
            "type": "uint8"
          },
          {
            "internalType": "uint256",
            "name": "landIndex",
            "type": "uint256"
          },
          {
            "internalType": "uint256",
            "name": "createdAt",
            "type": "uint256"
          }
        ],
        "internalType": "struct PixelMine.Event[]",
        "name": "_events",
        "type": "tuple[]"
      }
    ],
    "name": "sync",
    "outputs": [
      {
        "components": [
          {
            "components": [
              {
                "internalType": "enum PixelMine.ORE",
                "name": "fruit",
                "type": "uint8"
              },
              {
                "internalType": "uint256",
                "name": "createdAt",
                "type": "uint256"
              }
            ],
            "internalType": "struct PixelMine.MiningFarm[]",
            "name": "land",
            "type": "tuple[]"
          },
          {
            "internalType": "uint256",
            "name": "balance",
            "type": "uint256"
          }
        ],
        "internalType": "struct PixelMine.Farm",
        "name": "",
        "type": "tuple"
      }
    ],
    "stateMutability": "nonpayable",
    "type": "function"
  },
  { "stateMutability": "payable", "type": "receive" }
]
